name,value,year,lastValue,rank,colour,tcolour
Feyenoord,28,1956,0,1,#E83519,#000000
Fortuna '54,28,1956,0,2,#136207,#FFFFFF
MVV Maastricht,28,1956,0,3,#E83519,#FFFFFF
SC Enschede,28,1956,0,4,#000000,#FFFFFF
Ajax,25,1956,0,5,#E83519,#FFFFFF
NAC Breda,25,1956,0,6,#FFFF00,#000000
VVV-Venlo,25,1956,0,7,#FFFF00,#000000
Rapid JC Heerlen,23,1956,0,8,#FFFF00,#000000
DOS Utrecht,21,1956,0,9,#FFFF00,#000000
PSV,21,1956,0,10,#E83519,#FFFFFF
Ajax,103,1957,25,1,#E83519,#FFFFFF
SC Enschede,91,1957,28,2,#000000,#FFFFFF
Fortuna '54,87,1957,28,3,#136207,#FFFFFF
Feyenoord,83,1957,28,4,#E83519,#000000
PSV,82,1957,21,5,#E83519,#FFFFFF
DOS Utrecht,80,1957,21,6,#FFFF00,#000000
MVV Maastricht,79,1957,28,7,#E83519,#FFFFFF
VVV-Venlo,79,1957,25,8,#FFFF00,#000000
Rapid JC Heerlen,75,1957,23,9,#FFFF00,#000000
Sparta Rotterdam,72,1957,17,10,#E83519,#FFFFFF
Ajax,158,1958,103,1,#E83519,#FFFFFF
SC Enschede,155,1958,91,2,#000000,#FFFFFF
DOS Utrecht,153,1958,80,3,#FFFF00,#000000
Fortuna '54,151,1958,87,4,#136207,#FFFFFF
Feyenoord,133,1958,83,5,#E83519,#000000
Sparta Rotterdam,129,1958,72,6,#E83519,#FFFFFF
MVV Maastricht,128,1958,79,7,#E83519,#FFFFFF
VVV-Venlo,128,1958,79,8,#FFFF00,#000000
PSV,126,1958,82,9,#E83519,#FFFFFF
Rapid JC Heerlen,124,1958,75,10,#FFFF00,#000000
Ajax,220,1959,158,1,#E83519,#FFFFFF
DOS Utrecht,207,1959,153,2,#FFFF00,#000000
Fortuna '54,195,1959,151,3,#136207,#FFFFFF
SC Enschede,191,1959,155,4,#000000,#FFFFFF
Feyenoord,188,1959,133,5,#E83519,#000000
Sparta Rotterdam,187,1959,129,6,#E83519,#FFFFFF
PSV,184,1959,126,7,#E83519,#FFFFFF
VVV-Venlo,181,1959,128,8,#FFFF00,#000000
Rapid JC Heerlen,179,1959,124,9,#FFFF00,#000000
MVV Maastricht,176,1959,128,10,#E83519,#FFFFFF
Ajax,285,1960,220,1,#E83519,#FFFFFF
Feyenoord,262,1960,188,2,#E83519,#000000
DOS Utrecht,252,1960,207,3,#FFFF00,#000000
SC Enschede,243,1960,191,4,#000000,#FFFFFF
PSV,237,1960,184,5,#E83519,#FFFFFF
Fortuna '54,235,1960,195,6,#136207,#FFFFFF
Sparta Rotterdam,232,1960,187,7,#E83519,#FFFFFF
NAC Breda,227,1960,175,8,#FFFF00,#000000
VVV-Venlo,226,1960,181,9,#FFFF00,#000000
Rapid JC Heerlen,221,1960,179,10,#FFFF00,#000000
Ajax,361,1961,285,1,#E83519,#FFFFFF
Feyenoord,343,1961,262,2,#E83519,#000000
DOS Utrecht,311,1961,252,3,#FFFF00,#000000
PSV,292,1961,237,4,#E83519,#FFFFFF
Sparta Rotterdam,286,1961,232,5,#E83519,#FFFFFF
Fortuna '54,283,1961,235,6,#136207,#FFFFFF
VVV-Venlo,274,1961,226,7,#FFFF00,#000000
SC Enschede,273,1961,243,8,#000000,#FFFFFF
NAC Breda,267,1961,227,9,#FFFF00,#000000
MVV Maastricht,261,1961,220,10,#E83519,#FFFFFF
Ajax,410,1962,361,1,#E83519,#FFFFFF
Feyenoord,393,1962,343,2,#E83519,#000000
DOS Utrecht,363,1962,311,3,#FFFF00,#000000
PSV,359,1962,292,4,#E83519,#FFFFFF
Sparta Rotterdam,342,1962,286,5,#E83519,#FFFFFF
SC Enschede,332,1962,273,6,#000000,#FFFFFF
Fortuna '54,327,1962,283,7,#136207,#FFFFFF
NAC Breda,321,1962,267,8,#FFFF00,#000000
MVV Maastricht,304,1962,261,9,#E83519,#FFFFFF
VVV-Venlo,297,1962,274,10,#FFFF00,#000000
Ajax,467,1963,410,1,#E83519,#FFFFFF
Feyenoord,451,1963,393,2,#E83519,#000000
PSV,420,1963,359,3,#E83519,#FFFFFF
DOS Utrecht,398,1963,363,4,#FFFF00,#000000
Sparta Rotterdam,376,1963,342,5,#E83519,#FFFFFF
NAC Breda,373,1963,321,6,#FFFF00,#000000
SC Enschede,373,1963,332,7,#000000,#FFFFFF
Fortuna '54,357,1963,327,8,#136207,#FFFFFF
MVV Maastricht,349,1963,304,9,#E83519,#FFFFFF
VVV-Venlo,297,1963,297,10,#FFFF00,#000000
Feyenoord,517,1964,451,1,#E83519,#000000
Ajax,502,1964,467,2,#E83519,#FFFFFF
PSV,470,1964,420,3,#E83519,#FFFFFF
DOS Utrecht,435,1964,398,4,#FFFF00,#000000
Sparta Rotterdam,421,1964,376,5,#E83519,#FFFFFF
SC Enschede,418,1964,373,6,#000000,#FFFFFF
Fortuna '54,405,1964,357,7,#136207,#FFFFFF
NAC Breda,402,1964,373,8,#FFFF00,#000000
MVV Maastricht,381,1964,349,9,#E83519,#FFFFFF
ADO Den Haag,307,1964,276,10,#006d2c,#ffed00
Feyenoord,569,1965,517,1,#E83519,#000000
Ajax,554,1965,502,2,#E83519,#FFFFFF
PSV,514,1965,470,3,#E83519,#FFFFFF
DOS Utrecht,464,1965,435,4,#FFFF00,#000000
Sparta Rotterdam,463,1965,421,5,#E83519,#FFFFFF
SC Enschede,440,1965,418,6,#000000,#FFFFFF
Fortuna '54,438,1965,405,7,#136207,#FFFFFF
NAC Breda,421,1965,402,8,#FFFF00,#000000
MVV Maastricht,410,1965,381,9,#E83519,#FFFFFF
ADO Den Haag,355,1965,307,10,#006d2c,#ffed00
Feyenoord,648,1966,569,1,#E83519,#000000
Ajax,640,1966,554,2,#E83519,#FFFFFF
PSV,555,1966,514,3,#E83519,#FFFFFF
Sparta Rotterdam,518,1966,463,4,#E83519,#FFFFFF
DOS Utrecht,511,1966,464,5,#FFFF00,#000000
Fortuna '54,473,1966,438,6,#136207,#FFFFFF
MVV Maastricht,450,1966,410,7,#E83519,#FFFFFF
NAC Breda,442,1966,421,8,#FFFF00,#000000
SC Enschede,440,1966,440,9,#000000,#FFFFFF
ADO Den Haag,426,1966,355,10,#006d2c,#ffed00
Feyenoord,730,1967,648,1,#E83519,#000000
Ajax,724,1967,640,2,#E83519,#FFFFFF
PSV,600,1967,555,3,#E83519,#FFFFFF
Sparta Rotterdam,577,1967,518,4,#E83519,#FFFFFF
DOS Utrecht,543,1967,511,5,#FFFF00,#000000
Fortuna '54,510,1967,473,6,#136207,#FFFFFF
ADO Den Haag,495,1967,426,7,#006d2c,#ffed00
MVV Maastricht,487,1967,450,8,#E83519,#FFFFFF
NAC Breda,480,1967,442,9,#FFFF00,#000000
SC Enschede,440,1967,440,10,#000000,#FFFFFF
Feyenoord,808,1968,730,1,#E83519,#000000
Ajax,795,1968,724,2,#E83519,#FFFFFF
PSV,642,1968,600,3,#E83519,#FFFFFF
Sparta Rotterdam,625,1968,577,4,#E83519,#FFFFFF
DOS Utrecht,566,1968,543,5,#FFFF00,#000000
ADO Den Haag,539,1968,495,6,#006d2c,#ffed00
Fortuna '54,522,1968,510,7,#136207,#FFFFFF
MVV Maastricht,516,1968,487,8,#E83519,#FFFFFF
NAC Breda,513,1968,480,9,#FFFF00,#000000
DWS,446,1968,401,10,#0000FF,#000000
Ajax,887,1969,795,1,#E83519,#FFFFFF
Feyenoord,885,1969,808,2,#E83519,#000000
PSV,716,1969,642,3,#E83519,#FFFFFF
Sparta Rotterdam,674,1969,625,4,#E83519,#FFFFFF
DOS Utrecht,593,1969,566,5,#FFFF00,#000000
ADO Den Haag,588,1969,539,6,#006d2c,#ffed00
NAC Breda,565,1969,513,7,#FFFF00,#000000
MVV Maastricht,560,1969,516,8,#E83519,#FFFFFF
Fortuna '54,522,1969,522,9,#136207,#FFFFFF
DWS,477,1969,446,10,#0000FF,#000000
Ajax,963,1970,887,1,#E83519,#FFFFFF
Feyenoord,957,1970,885,2,#E83519,#000000
PSV,778,1970,716,3,#E83519,#FFFFFF
Sparta Rotterdam,739,1970,674,4,#E83519,#FFFFFF
ADO Den Haag,654,1970,588,5,#006d2c,#ffed00
DOS Utrecht,613,1970,593,6,#FFFF00,#000000
NAC Breda,597,1970,565,7,#FFFF00,#000000
MVV Maastricht,595,1970,560,8,#E83519,#FFFFFF
Fortuna '54,522,1970,522,9,#136207,#FFFFFF
DWS,515,1970,477,10,#0000FF,#000000
Ajax,1054,1971,963,1,#E83519,#FFFFFF
Feyenoord,1051,1971,957,2,#E83519,#000000
PSV,833,1971,778,3,#E83519,#FFFFFF
Sparta Rotterdam,803,1971,739,4,#E83519,#FFFFFF
ADO Den Haag,722,1971,654,5,#006d2c,#ffed00
MVV Maastricht,641,1971,595,6,#E83519,#FFFFFF
NAC Breda,636,1971,597,7,#FFFF00,#000000
DOS Utrecht,613,1971,613,8,#FFFF00,#000000
DWS,549,1971,515,9,#0000FF,#000000
Fortuna '54,522,1971,522,10,#136207,#FFFFFF
Ajax,1138,1972,1054,1,#E83519,#FFFFFF
Feyenoord,1127,1972,1051,2,#E83519,#000000
PSV,886,1972,833,3,#E83519,#FFFFFF
Sparta Rotterdam,864,1972,803,4,#E83519,#FFFFFF
ADO Den Haag,773,1972,722,5,#006d2c,#ffed00
MVV Maastricht,682,1972,641,6,#E83519,#FFFFFF
NAC Breda,668,1972,636,7,#FFFF00,#000000
DOS Utrecht,613,1972,613,8,#FFFF00,#000000
DWS,558,1972,549,9,#0000FF,#000000
Fortuna '54,522,1972,522,10,#136207,#FFFFFF
Ajax,1229,1973,1138,1,#E83519,#FFFFFF
Feyenoord,1207,1973,1127,2,#E83519,#000000
PSV,951,1973,886,3,#E83519,#FFFFFF
Sparta Rotterdam,922,1973,864,4,#E83519,#FFFFFF
ADO Den Haag,828,1973,773,5,#006d2c,#ffed00
MVV Maastricht,724,1973,682,6,#E83519,#FFFFFF
NAC Breda,690,1973,668,7,#FFFF00,#000000
DOS Utrecht,613,1973,613,8,#FFFF00,#000000
DWS,558,1973,558,9,#0000FF,#000000
Fortuna '54,522,1973,522,10,#136207,#FFFFFF
Ajax,1290,1974,1229,1,#E83519,#FFFFFF
Feyenoord,1290,1974,1207,2,#E83519,#000000
PSV,1022,1974,951,3,#E83519,#FFFFFF
Sparta Rotterdam,963,1974,922,4,#E83519,#FFFFFF
ADO Den Haag,856,1974,828,5,#006d2c,#ffed00
MVV Maastricht,760,1974,724,6,#E83519,#FFFFFF
NAC Breda,716,1974,690,7,#FFFF00,#000000
DOS Utrecht,613,1974,613,8,#FFFF00,#000000
DWS,558,1974,558,9,#0000FF,#000000
FC Twente,553,1974,486,10,#E83519,#FFFFFF
Ajax,1364,1975,1290,1,#E83519,#FFFFFF
Feyenoord,1358,1975,1290,2,#E83519,#000000
PSV,1094,1975,1022,3,#E83519,#FFFFFF
Sparta Rotterdam,1007,1975,963,4,#E83519,#FFFFFF
ADO Den Haag,896,1975,856,5,#006d2c,#ffed00
MVV Maastricht,798,1975,760,6,#E83519,#FFFFFF
NAC Breda,753,1975,716,7,#FFFF00,#000000
FC Twente,614,1975,553,8,#E83519,#FFFFFF
DOS Utrecht,613,1975,613,9,#FFFF00,#000000
Go Ahead Eagles,564,1975,535,10,#FFFF00,#E83519
Ajax,1443,1976,1364,1,#E83519,#FFFFFF
Feyenoord,1440,1976,1358,2,#E83519,#000000
PSV,1169,1976,1094,3,#E83519,#FFFFFF
Sparta Rotterdam,1048,1976,1007,4,#E83519,#FFFFFF
ADO Den Haag,952,1976,896,5,#006d2c,#ffed00
MVV Maastricht,810,1976,798,6,#E83519,#FFFFFF
NAC Breda,801,1976,753,7,#FFFF00,#000000
FC Twente,666,1976,614,8,#E83519,#FFFFFF
DOS Utrecht,613,1976,613,9,#FFFF00,#000000
Go Ahead Eagles,604,1976,564,10,#FFFF00,#E83519
Ajax,1512,1977,1443,1,#E83519,#FFFFFF
Feyenoord,1491,1977,1440,2,#E83519,#000000
PSV,1254,1977,1169,3,#E83519,#FFFFFF
Sparta Rotterdam,1100,1977,1048,4,#E83519,#FFFFFF
ADO Den Haag,991,1977,952,5,#006d2c,#ffed00
NAC Breda,843,1977,801,6,#FFFF00,#000000
MVV Maastricht,810,1977,810,7,#E83519,#FFFFFF
FC Twente,728,1977,666,8,#E83519,#FFFFFF
Go Ahead Eagles,646,1977,604,9,#FFFF00,#E83519
DOS Utrecht,613,1977,613,10,#FFFF00,#000000
Ajax,1584,1978,1512,1,#E83519,#FFFFFF
Feyenoord,1533,1978,1491,2,#E83519,#000000
PSV,1315,1978,1254,3,#E83519,#FFFFFF
Sparta Rotterdam,1151,1978,1100,4,#E83519,#FFFFFF
ADO Den Haag,1024,1978,991,5,#006d2c,#ffed00
NAC Breda,878,1978,843,6,#FFFF00,#000000
MVV Maastricht,834,1978,810,7,#E83519,#FFFFFF
FC Twente,781,1978,728,8,#E83519,#FFFFFF
Go Ahead Eagles,691,1978,646,9,#FFFF00,#E83519
DOS Utrecht,613,1978,613,10,#FFFF00,#000000
Ajax,1665,1979,1584,1,#E83519,#FFFFFF
Feyenoord,1606,1979,1533,2,#E83519,#000000
PSV,1380,1979,1315,3,#E83519,#FFFFFF
Sparta Rotterdam,1186,1979,1151,4,#E83519,#FFFFFF
ADO Den Haag,1073,1979,1024,5,#006d2c,#ffed00
NAC Breda,911,1979,878,6,#FFFF00,#000000
MVV Maastricht,865,1979,834,7,#E83519,#FFFFFF
FC Twente,822,1979,781,8,#E83519,#FFFFFF
Go Ahead Eagles,734,1979,691,9,#FFFF00,#E83519
DOS Utrecht,613,1979,613,10,#FFFF00,#000000
Ajax,1720,1980,1665,1,#E83519,#FFFFFF
Feyenoord,1672,1980,1606,2,#E83519,#000000
PSV,1442,1980,1380,3,#E83519,#FFFFFF
Sparta Rotterdam,1230,1980,1186,4,#E83519,#FFFFFF
ADO Den Haag,1116,1980,1073,5,#006d2c,#ffed00
NAC Breda,951,1980,911,6,#FFFF00,#000000
MVV Maastricht,917,1980,865,7,#E83519,#FFFFFF
FC Twente,880,1980,822,8,#E83519,#FFFFFF
Go Ahead Eagles,763,1980,734,9,#FFFF00,#E83519
DOS Utrecht,613,1980,613,10,#FFFF00,#000000
Ajax,1798,1981,1720,1,#E83519,#FFFFFF
Feyenoord,1720,1981,1672,2,#E83519,#000000
PSV,1513,1981,1442,3,#E83519,#FFFFFF
Sparta Rotterdam,1287,1981,1230,4,#E83519,#FFFFFF
ADO Den Haag,1142,1981,1116,5,#006d2c,#ffed00
NAC Breda,996,1981,951,6,#FFFF00,#000000
MVV Maastricht,955,1981,917,7,#E83519,#FFFFFF
FC Twente,923,1981,880,8,#E83519,#FFFFFF
Go Ahead Eagles,814,1981,763,9,#FFFF00,#E83519
AZ,648,1981,577,10,#E83519,#FFFFFF
Ajax,1889,1982,1798,1,#E83519,#FFFFFF
Feyenoord,1785,1982,1720,2,#E83519,#000000
PSV,1587,1982,1513,3,#E83519,#FFFFFF
Sparta Rotterdam,1332,1982,1287,4,#E83519,#FFFFFF
ADO Den Haag,1150,1982,1142,5,#006d2c,#ffed00
NAC Breda,1033,1982,996,6,#FFFF00,#000000
FC Twente,968,1982,923,7,#E83519,#FFFFFF
MVV Maastricht,966,1982,955,8,#E83519,#FFFFFF
Go Ahead Eagles,850,1982,814,9,#FFFF00,#E83519
AZ,705,1982,648,10,#E83519,#FFFFFF
Ajax,1968,1983,1889,1,#E83519,#FFFFFF
Feyenoord,1865,1983,1785,2,#E83519,#000000
PSV,1659,1983,1587,3,#E83519,#FFFFFF
Sparta Rotterdam,1378,1983,1332,4,#E83519,#FFFFFF
ADO Den Haag,1150,1983,1150,5,#006d2c,#ffed00
NAC Breda,1049,1983,1033,6,#FFFF00,#000000
FC Twente,983,1983,968,7,#E83519,#FFFFFF
MVV Maastricht,966,1983,966,8,#E83519,#FFFFFF
Go Ahead Eagles,898,1983,850,9,#FFFF00,#E83519
AZ,745,1983,705,10,#E83519,#FFFFFF
Ajax,2043,1984,1968,1,#E83519,#FFFFFF
Feyenoord,1937,1984,1865,2,#E83519,#000000
PSV,1733,1984,1659,3,#E83519,#FFFFFF
Sparta Rotterdam,1427,1984,1378,4,#E83519,#FFFFFF
ADO Den Haag,1150,1984,1150,5,#006d2c,#ffed00
NAC Breda,1059,1984,1049,6,#FFFF00,#000000
FC Twente,1010,1984,983,7,#E83519,#FFFFFF
MVV Maastricht,985,1984,966,8,#E83519,#FFFFFF
Go Ahead Eagles,938,1984,898,9,#FFFF00,#E83519
AZ,787,1984,745,10,#E83519,#FFFFFF
Ajax,2125,1985,2043,1,#E83519,#FFFFFF
Feyenoord,2015,1985,1937,2,#E83519,#000000
PSV,1814,1985,1733,3,#E83519,#FFFFFF
Sparta Rotterdam,1487,1985,1427,4,#E83519,#FFFFFF
ADO Den Haag,1150,1985,1150,5,#006d2c,#ffed00
NAC Breda,1075,1985,1059,6,#FFFF00,#000000
FC Twente,1050,1985,1010,7,#E83519,#FFFFFF
MVV Maastricht,1019,1985,985,8,#E83519,#FFFFFF
Go Ahead Eagles,982,1985,938,9,#FFFF00,#E83519
AZ,833,1985,787,10,#E83519,#FFFFFF
Ajax,2210,1986,2125,1,#E83519,#FFFFFF
Feyenoord,2068,1986,2015,2,#E83519,#000000
PSV,1897,1986,1814,3,#E83519,#FFFFFF
Sparta Rotterdam,1539,1986,1487,4,#E83519,#FFFFFF
ADO Den Haag,1169,1986,1150,5,#006d2c,#ffed00
FC Twente,1090,1986,1050,6,#E83519,#FFFFFF
NAC Breda,1075,1986,1075,7,#FFFF00,#000000
MVV Maastricht,1037,1986,1019,8,#E83519,#FFFFFF
Go Ahead Eagles,1024,1986,982,9,#FFFF00,#E83519
AZ,873,1986,833,10,#E83519,#FFFFFF
Ajax,2276,1987,2210,1,#E83519,#FFFFFF
Feyenoord,2124,1987,2068,2,#E83519,#000000
PSV,1986,1987,1897,3,#E83519,#FFFFFF
Sparta Rotterdam,1584,1987,1539,4,#E83519,#FFFFFF
ADO Den Haag,1205,1987,1169,5,#006d2c,#ffed00
FC Twente,1140,1987,1090,6,#E83519,#FFFFFF
NAC Breda,1075,1987,1075,7,#FFFF00,#000000
MVV Maastricht,1037,1987,1037,8,#E83519,#FFFFFF
Go Ahead Eagles,1032,1987,1024,9,#FFFF00,#E83519
AZ,906,1987,873,10,#E83519,#FFFFFF
Ajax,2346,1988,2276,1,#E83519,#FFFFFF
Feyenoord,2174,1988,2124,2,#E83519,#000000
PSV,2061,1988,1986,3,#E83519,#FFFFFF
Sparta Rotterdam,1622,1988,1584,4,#E83519,#FFFFFF
ADO Den Haag,1215,1988,1205,5,#006d2c,#ffed00
FC Twente,1198,1988,1140,6,#E83519,#FFFFFF
NAC Breda,1075,1988,1075,7,#FFFF00,#000000
MVV Maastricht,1051,1988,1037,8,#E83519,#FFFFFF
Go Ahead Eagles,1032,1988,1032,9,#FFFF00,#E83519
AZ,929,1988,906,10,#E83519,#FFFFFF
Ajax,2416,1989,2346,1,#E83519,#FFFFFF
Feyenoord,2214,1989,2174,2,#E83519,#000000
PSV,2134,1989,2061,3,#E83519,#FFFFFF
Sparta Rotterdam,1666,1989,1622,4,#E83519,#FFFFFF
FC Twente,1250,1989,1198,5,#E83519,#FFFFFF
ADO Den Haag,1239,1989,1215,6,#006d2c,#ffed00
MVV Maastricht,1100,1989,1051,7,#E83519,#FFFFFF
NAC Breda,1075,1989,1075,8,#FFFF00,#000000
Go Ahead Eagles,1032,1989,1032,9,#FFFF00,#E83519
AZ,929,1989,929,10,#E83519,#FFFFFF
Ajax,2482,1990,2416,1,#E83519,#FFFFFF
Feyenoord,2255,1990,2214,2,#E83519,#000000
PSV,2202,1990,2134,3,#E83519,#FFFFFF
Sparta Rotterdam,1701,1990,1666,4,#E83519,#FFFFFF
FC Twente,1294,1990,1250,5,#E83519,#FFFFFF
ADO Den Haag,1287,1990,1239,6,#006d2c,#ffed00
MVV Maastricht,1125,1990,1100,7,#E83519,#FFFFFF
NAC Breda,1075,1990,1075,8,#FFFF00,#000000
Go Ahead Eagles,1032,1990,1032,9,#FFFF00,#E83519
FC Utrecht,944,1990,909,10,#E83519,#FFFFFF
Ajax,2565,1991,2482,1,#E83519,#FFFFFF
Feyenoord,2321,1991,2255,2,#E83519,#000000
PSV,2287,1991,2202,3,#E83519,#FFFFFF
Sparta Rotterdam,1750,1991,1701,4,#E83519,#FFFFFF
FC Twente,1359,1991,1294,5,#E83519,#FFFFFF
ADO Den Haag,1315,1991,1287,6,#006d2c,#ffed00
MVV Maastricht,1168,1991,1125,7,#E83519,#FFFFFF
NAC Breda,1075,1991,1075,8,#FFFF00,#000000
Go Ahead Eagles,1032,1991,1032,9,#FFFF00,#E83519
FC Utrecht,1004,1991,944,10,#E83519,#FFFFFF
Ajax,2631,1992,2565,1,#E83519,#FFFFFF
Feyenoord,2377,1992,2321,2,#E83519,#000000
PSV,2363,1992,2287,3,#E83519,#FFFFFF
Sparta Rotterdam,1784,1992,1750,4,#E83519,#FFFFFF
FC Twente,1402,1992,1359,5,#E83519,#FFFFFF
ADO Den Haag,1327,1992,1315,6,#006d2c,#ffed00
MVV Maastricht,1220,1992,1168,7,#E83519,#FFFFFF
NAC Breda,1075,1992,1075,8,#FFFF00,#000000
Go Ahead Eagles,1051,1992,1032,9,#FFFF00,#E83519
FC Utrecht,1050,1992,1004,10,#E83519,#FFFFFF
Ajax,2719,1993,2631,1,#E83519,#FFFFFF
Feyenoord,2463,1993,2377,2,#E83519,#000000
PSV,2430,1993,2363,3,#E83519,#FFFFFF
Sparta Rotterdam,1824,1993,1784,4,#E83519,#FFFFFF
FC Twente,1459,1993,1402,5,#E83519,#FFFFFF
ADO Den Haag,1327,1993,1327,6,#006d2c,#ffed00
MVV Maastricht,1264,1993,1220,7,#E83519,#FFFFFF
NAC Breda,1101,1993,1075,8,#FFFF00,#000000
FC Utrecht,1090,1993,1050,9,#E83519,#FFFFFF
Go Ahead Eagles,1089,1993,1051,10,#FFFF00,#E83519
Ajax,2792,1994,2719,1,#E83519,#FFFFFF
Feyenoord,2520,1994,2463,2,#E83519,#000000
PSV,2488,1994,2430,3,#E83519,#FFFFFF
Sparta Rotterdam,1865,1994,1824,4,#E83519,#FFFFFF
FC Twente,1520,1994,1459,5,#E83519,#FFFFFF
ADO Den Haag,1327,1994,1327,6,#006d2c,#ffed00
MVV Maastricht,1308,1994,1264,7,#E83519,#FFFFFF
NAC Breda,1144,1994,1101,8,#FFFF00,#000000
FC Utrecht,1121,1994,1090,9,#E83519,#FFFFFF
Go Ahead Eagles,1111,1994,1089,10,#FFFF00,#E83519
Ajax,2895,1995,2792,1,#E83519,#FFFFFF
Feyenoord,2586,1995,2520,2,#E83519,#000000
PSV,2570,1995,2488,3,#E83519,#FFFFFF
Sparta Rotterdam,1910,1995,1865,4,#E83519,#FFFFFF
FC Twente,1573,1995,1520,5,#E83519,#FFFFFF
ADO Den Haag,1327,1995,1327,6,#006d2c,#ffed00
MVV Maastricht,1317,1995,1308,7,#E83519,#FFFFFF
NAC Breda,1192,1995,1144,8,#FFFF00,#000000
FC Utrecht,1149,1995,1121,9,#E83519,#FFFFFF
Go Ahead Eagles,1145,1995,1111,10,#FFFF00,#E83519
Ajax,2956,1996,2895,1,#E83519,#FFFFFF
Feyenoord,2663,1996,2586,2,#E83519,#000000
PSV,2651,1996,2570,3,#E83519,#FFFFFF
Sparta Rotterdam,1955,1996,1910,4,#E83519,#FFFFFF
FC Twente,1635,1996,1573,5,#E83519,#FFFFFF
ADO Den Haag,1327,1996,1327,6,#006d2c,#ffed00
MVV Maastricht,1317,1996,1317,7,#E83519,#FFFFFF
NAC Breda,1244,1996,1192,8,#FFFF00,#000000
FC Utrecht,1188,1996,1149,9,#E83519,#FFFFFF
Roda JC Kerkrade,1169,1996,1105,10,#FFFF00,#000000
Ajax,3042,1997,2956,1,#E83519,#FFFFFF
Feyenoord,2726,1997,2663,2,#E83519,#000000
PSV,2720,1997,2651,3,#E83519,#FFFFFF
Sparta Rotterdam,1999,1997,1955,4,#E83519,#FFFFFF
FC Twente,1682,1997,1635,5,#E83519,#FFFFFF
MVV Maastricht,1335,1997,1317,6,#E83519,#FFFFFF
ADO Den Haag,1327,1997,1327,7,#006d2c,#ffed00
NAC Breda,1284,1997,1244,8,#FFFF00,#000000
FC Utrecht,1228,1997,1188,9,#E83519,#FFFFFF
Roda JC Kerkrade,1214,1997,1169,10,#FFFF00,#000000
Ajax,3110,1998,3042,1,#E83519,#FFFFFF
Feyenoord,2795,1998,2726,2,#E83519,#000000
PSV,2783,1998,2720,3,#E83519,#FFFFFF
Sparta Rotterdam,2028,1998,1999,4,#E83519,#FFFFFF
FC Twente,1733,1998,1682,5,#E83519,#FFFFFF
MVV Maastricht,1369,1998,1335,6,#E83519,#FFFFFF
ADO Den Haag,1327,1998,1327,7,#006d2c,#ffed00
NAC Breda,1314,1998,1284,8,#FFFF00,#000000
FC Utrecht,1272,1998,1228,9,#E83519,#FFFFFF
Roda JC Kerkrade,1260,1998,1214,10,#FFFF00,#000000
Ajax,3169,1999,3110,1,#E83519,#FFFFFF
Feyenoord,2865,1999,2795,2,#E83519,#000000
PSV,2854,1999,2783,3,#E83519,#FFFFFF
Sparta Rotterdam,2055,1999,2028,4,#E83519,#FFFFFF
FC Twente,1788,1999,1733,5,#E83519,#FFFFFF
MVV Maastricht,1393,1999,1369,6,#E83519,#FFFFFF
ADO Den Haag,1327,1999,1327,7,#006d2c,#ffed00
NAC Breda,1324,1999,1314,8,#FFFF00,#000000
Roda JC Kerkrade,1318,1999,1260,9,#FFFF00,#000000
FC Utrecht,1307,1999,1272,10,#E83519,#FFFFFF
Ajax,3227,2000,3169,1,#E83519,#FFFFFF
Feyenoord,2939,2000,2865,2,#E83519,#000000
PSV,2935,2000,2854,3,#E83519,#FFFFFF
Sparta Rotterdam,2089,2000,2055,4,#E83519,#FFFFFF
FC Twente,1836,2000,1788,5,#E83519,#FFFFFF
MVV Maastricht,1406,2000,1393,6,#E83519,#FFFFFF
Roda JC Kerkrade,1374,2000,1318,7,#FFFF00,#000000
FC Utrecht,1358,2000,1307,8,#E83519,#FFFFFF
NAC Breda,1348,2000,1324,9,#FFFF00,#000000
ADO Den Haag,1327,2000,1327,10,#006d2c,#ffed00
Ajax,3291,2001,3227,1,#E83519,#FFFFFF
PSV,3014,2001,2935,2,#E83519,#FFFFFF
Feyenoord,2997,2001,2939,3,#E83519,#000000
Sparta Rotterdam,2120,2001,2089,4,#E83519,#FFFFFF
FC Twente,1877,2001,1836,5,#E83519,#FFFFFF
FC Utrecht,1422,2001,1358,6,#E83519,#FFFFFF
Roda JC Kerkrade,1422,2001,1374,7,#FFFF00,#000000
NAC Breda,1407,2001,1348,8,#FFFF00,#000000
MVV Maastricht,1406,2001,1406,9,#E83519,#FFFFFF
ADO Den Haag,1327,2001,1327,10,#006d2c,#ffed00
Ajax,3368,2002,3291,1,#E83519,#FFFFFF
PSV,3090,2002,3014,2,#E83519,#FFFFFF
Feyenoord,3059,2002,2997,3,#E83519,#000000
Sparta Rotterdam,2125,2002,2120,4,#E83519,#FFFFFF
FC Twente,1920,2002,1877,5,#E83519,#FFFFFF
Roda JC Kerkrade,1470,2002,1422,6,#FFFF00,#000000
FC Utrecht,1465,2002,1422,7,#E83519,#FFFFFF
NAC Breda,1453,2002,1407,8,#FFFF00,#000000
MVV Maastricht,1406,2002,1406,9,#E83519,#FFFFFF
ADO Den Haag,1327,2002,1327,10,#006d2c,#ffed00
Ajax,3448,2003,3368,1,#E83519,#FFFFFF
PSV,3169,2003,3090,2,#E83519,#FFFFFF
Feyenoord,3134,2003,3059,3,#E83519,#000000
Sparta Rotterdam,2125,2003,2125,4,#E83519,#FFFFFF
FC Twente,1964,2003,1920,5,#E83519,#FFFFFF
Roda JC Kerkrade,1515,2003,1470,6,#FFFF00,#000000
FC Utrecht,1513,2003,1465,7,#E83519,#FFFFFF
NAC Breda,1497,2003,1453,8,#FFFF00,#000000
MVV Maastricht,1406,2003,1406,9,#E83519,#FFFFFF
ADO Den Haag,1337,2003,1327,10,#006d2c,#ffed00
Ajax,3528,2004,3448,1,#E83519,#FFFFFF
PSV,3248,2004,3169,2,#E83519,#FFFFFF
Feyenoord,3205,2004,3134,3,#E83519,#000000
Sparta Rotterdam,2125,2004,2125,4,#E83519,#FFFFFF
FC Twente,2005,2004,1964,5,#E83519,#FFFFFF
Roda JC Kerkrade,1573,2004,1515,6,#FFFF00,#000000
FC Utrecht,1562,2004,1513,7,#E83519,#FFFFFF
NAC Breda,1551,2004,1497,8,#FFFF00,#000000
MVV Maastricht,1406,2004,1406,9,#E83519,#FFFFFF
ADO Den Haag,1376,2004,1337,10,#006d2c,#ffed00
Ajax,3598,2005,3528,1,#E83519,#FFFFFF
PSV,3335,2005,3248,2,#E83519,#FFFFFF
Feyenoord,3277,2005,3205,3,#E83519,#000000
Sparta Rotterdam,2141,2005,2125,4,#E83519,#FFFFFF
FC Twente,2062,2005,2005,5,#E83519,#FFFFFF
Roda JC Kerkrade,1616,2005,1573,6,#FFFF00,#000000
FC Utrecht,1607,2005,1562,7,#E83519,#FFFFFF
NAC Breda,1579,2005,1551,8,#FFFF00,#000000
ADO Den Haag,1415,2005,1376,9,#006d2c,#ffed00
MVV Maastricht,1406,2005,1406,10,#E83519,#FFFFFF
Ajax,3670,2006,3598,1,#E83519,#FFFFFF
PSV,3430,2006,3335,2,#E83519,#FFFFFF
Feyenoord,3346,2006,3277,3,#E83519,#000000
Sparta Rotterdam,2184,2006,2141,4,#E83519,#FFFFFF
FC Twente,2126,2006,2062,5,#E83519,#FFFFFF
Roda JC Kerkrade,1670,2006,1616,6,#FFFF00,#000000
FC Utrecht,1659,2006,1607,7,#E83519,#FFFFFF
NAC Breda,1619,2006,1579,8,#FFFF00,#000000
ADO Den Haag,1445,2006,1415,9,#006d2c,#ffed00
AZ,1415,2006,1338,10,#E83519,#FFFFFF
Ajax,3736,2007,3670,1,#E83519,#FFFFFF
PSV,3488,2007,3430,2,#E83519,#FFFFFF
Feyenoord,3396,2007,3346,3,#E83519,#000000
Sparta Rotterdam,2211,2007,2184,4,#E83519,#FFFFFF
FC Twente,2186,2007,2126,5,#E83519,#FFFFFF
Roda JC Kerkrade,1730,2007,1670,6,#FFFF00,#000000
FC Utrecht,1709,2007,1659,7,#E83519,#FFFFFF
NAC Breda,1661,2007,1619,8,#FFFF00,#000000
AZ,1471,2007,1415,9,#E83519,#FFFFFF
ADO Den Haag,1449,2007,1445,10,#006d2c,#ffed00
Ajax,3810,2008,3736,1,#E83519,#FFFFFF
PSV,3554,2008,3488,2,#E83519,#FFFFFF
Feyenoord,3439,2008,3396,3,#E83519,#000000
Sparta Rotterdam,2251,2008,2211,4,#E83519,#FFFFFF
FC Twente,2250,2008,2186,5,#E83519,#FFFFFF
Roda JC Kerkrade,1759,2008,1730,6,#FFFF00,#000000
FC Utrecht,1752,2008,1709,7,#E83519,#FFFFFF
NAC Breda,1728,2008,1661,8,#FFFF00,#000000
AZ,1530,2008,1471,9,#E83519,#FFFFFF
ADO Den Haag,1464,2008,1449,10,#006d2c,#ffed00
Ajax,3878,2009,3810,1,#E83519,#FFFFFF
PSV,3634,2009,3554,2,#E83519,#FFFFFF
Feyenoord,3502,2009,3439,3,#E83519,#000000
FC Twente,2332,2009,2250,4,#E83519,#FFFFFF
Sparta Rotterdam,2286,2009,2251,5,#E83519,#FFFFFF
FC Utrecht,1801,2009,1752,6,#E83519,#FFFFFF
Roda JC Kerkrade,1792,2009,1759,7,#FFFF00,#000000
NAC Breda,1766,2009,1728,8,#FFFF00,#000000
AZ,1597,2009,1530,9,#E83519,#FFFFFF
ADO Den Haag,1495,2009,1464,10,#006d2c,#ffed00
Ajax,3960,2010,3878,1,#E83519,#FFFFFF
PSV,3708,2010,3634,2,#E83519,#FFFFFF
Feyenoord,3548,2010,3502,3,#E83519,#000000
FC Twente,2408,2010,2332,4,#E83519,#FFFFFF
Sparta Rotterdam,2294,2010,2286,5,#E83519,#FFFFFF
Roda JC Kerkrade,1854,2010,1792,6,#FFFF00,#000000
FC Utrecht,1850,2010,1801,7,#E83519,#FFFFFF
NAC Breda,1820,2010,1766,8,#FFFF00,#000000
AZ,1663,2010,1597,9,#E83519,#FFFFFF
ADO Den Haag,1540,2010,1495,10,#006d2c,#ffed00
Ajax,4031,2011,3960,1,#E83519,#FFFFFF
PSV,3773,2011,3708,2,#E83519,#FFFFFF
Feyenoord,3603,2011,3548,3,#E83519,#000000
FC Twente,2475,2011,2408,4,#E83519,#FFFFFF
Sparta Rotterdam,2294,2011,2294,5,#E83519,#FFFFFF
Roda JC Kerkrade,1901,2011,1854,6,#FFFF00,#000000
FC Utrecht,1888,2011,1850,7,#E83519,#FFFFFF
NAC Breda,1852,2011,1820,8,#FFFF00,#000000
AZ,1728,2011,1663,9,#E83519,#FFFFFF
ADO Den Haag,1586,2011,1540,10,#006d2c,#ffed00
Ajax,4111,2012,4031,1,#E83519,#FFFFFF
PSV,3845,2012,3773,2,#E83519,#FFFFFF
Feyenoord,3679,2012,3603,3,#E83519,#000000
FC Twente,2542,2012,2475,4,#E83519,#FFFFFF
Sparta Rotterdam,2294,2012,2294,5,#E83519,#FFFFFF
FC Utrecht,1944,2012,1888,6,#E83519,#FFFFFF
Roda JC Kerkrade,1936,2012,1901,7,#FFFF00,#000000
NAC Breda,1883,2012,1852,8,#FFFF00,#000000
AZ,1773,2012,1728,9,#E83519,#FFFFFF
ADO Den Haag,1620,2012,1586,10,#006d2c,#ffed00
Ajax,4187,2013,4111,1,#E83519,#FFFFFF
PSV,3900,2013,3845,2,#E83519,#FFFFFF
Feyenoord,3744,2013,3679,3,#E83519,#000000
FC Twente,2598,2013,2542,4,#E83519,#FFFFFF
Sparta Rotterdam,2294,2013,2294,5,#E83519,#FFFFFF
FC Utrecht,2001,2013,1944,6,#E83519,#FFFFFF
Roda JC Kerkrade,1972,2013,1936,7,#FFFF00,#000000
NAC Breda,1929,2013,1883,8,#FFFF00,#000000
AZ,1818,2013,1773,9,#E83519,#FFFFFF
ADO Den Haag,1654,2013,1620,10,#006d2c,#ffed00
Ajax,4260,2014,4187,1,#E83519,#FFFFFF
PSV,3976,2014,3900,2,#E83519,#FFFFFF
Feyenoord,3809,2014,3744,3,#E83519,#000000
FC Twente,2655,2014,2598,4,#E83519,#FFFFFF
Sparta Rotterdam,2294,2014,2294,5,#E83519,#FFFFFF
FC Utrecht,2041,2014,2001,6,#E83519,#FFFFFF
Roda JC Kerkrade,1983,2014,1972,7,#FFFF00,#000000
NAC Breda,1955,2014,1929,8,#FFFF00,#000000
AZ,1869,2014,1818,9,#E83519,#FFFFFF
ADO Den Haag,1696,2014,1654,10,#006d2c,#ffed00
Ajax,4333,2015,4260,1,#E83519,#FFFFFF
PSV,4059,2015,3976,2,#E83519,#FFFFFF
Feyenoord,3873,2015,3809,3,#E83519,#000000
FC Twente,2689,2015,2655,4,#E83519,#FFFFFF
Sparta Rotterdam,2294,2015,2294,5,#E83519,#FFFFFF
FC Utrecht,2085,2015,2041,6,#E83519,#FFFFFF
Roda JC Kerkrade,1999,2015,1983,7,#FFFF00,#000000
NAC Breda,1970,2015,1955,8,#FFFF00,#000000
AZ,1922,2015,1869,9,#E83519,#FFFFFF
ADO Den Haag,1737,2015,1696,10,#006d2c,#ffed00
Ajax,4411,2016,4333,1,#E83519,#FFFFFF
PSV,4139,2016,4059,2,#E83519,#FFFFFF
Feyenoord,3942,2016,3873,3,#E83519,#000000
FC Twente,2743,2016,2689,4,#E83519,#FFFFFF
Sparta Rotterdam,2311,2016,2294,5,#E83519,#FFFFFF
FC Utrecht,2137,2016,2085,6,#E83519,#FFFFFF
Roda JC Kerkrade,2030,2016,1999,7,#FFFF00,#000000
AZ,1990,2016,1922,8,#E83519,#FFFFFF
NAC Breda,1970,2016,1970,9,#FFFF00,#000000
ADO Den Haag,1777,2016,1737,10,#006d2c,#ffed00
Ajax,4496,2017,4411,1,#E83519,#FFFFFF
PSV,4227,2017,4139,2,#E83519,#FFFFFF
Feyenoord,4014,2017,3942,3,#E83519,#000000
FC Twente,2779,2017,2743,4,#E83519,#FFFFFF
Sparta Rotterdam,2339,2017,2311,5,#E83519,#FFFFFF
FC Utrecht,2202,2017,2137,6,#E83519,#FFFFFF
Roda JC Kerkrade,2061,2017,2030,7,#FFFF00,#000000
AZ,2049,2017,1990,8,#E83519,#FFFFFF
NAC Breda,1986,2017,1970,9,#FFFF00,#000000
ADO Den Haag,1824,2017,1777,10,#006d2c,#ffed00
Ajax,4580,2018,4496,1,#E83519,#FFFFFF
PSV,4312,2018,4227,2,#E83519,#FFFFFF
Feyenoord,4084,2018,4014,3,#E83519,#000000
FC Twente,2788,2018,2779,4,#E83519,#FFFFFF
Sparta Rotterdam,2355,2018,2339,5,#E83519,#FFFFFF
FC Utrecht,2256,2018,2202,6,#E83519,#FFFFFF
AZ,2107,2018,2049,7,#E83519,#FFFFFF
Roda JC Kerkrade,2080,2018,2061,8,#FFFF00,#000000
NAC Breda,2019,2018,1986,9,#FFFF00,#000000
ADO Den Haag,1865,2018,1824,10,#006d2c,#ffed00
Ajax,4596,2019,4580,1,#E83519,#FFFFFF
PSV,4331,2019,4312,2,#E83519,#FFFFFF
Feyenoord,4095,2019,4084,3,#E83519,#000000
FC Twente,2788,2019,2788,4,#E83519,#FFFFFF
Sparta Rotterdam,2355,2019,2355,5,#E83519,#FFFFFF
FC Utrecht,2268,2019,2256,6,#E83519,#FFFFFF
AZ,2129,2019,2107,7,#E83519,#FFFFFF
Roda JC Kerkrade,2080,2019,2080,8,#FFFF00,#000000
NAC Breda,2021,2019,2019,9,#FFFF00,#000000
ADO Den Haag,1873,2019,1865,10,#006d2c,#ffed00
